case_id,kind,time_ns,u,v,zeta,expected_uo,actual_uo,expected_vo,actual_vo,ok
1,0,1270,0,1,2580,2580,2580,749,749,1
2,0,1280,749,1,2580,0,0,1498,1498,1
3,0,1290,123,456,2580,1466,1466,2109,2109,1
4,0,1300,2345,1234,2580,212,212,1149,1149,1
5,0,1310,1234,2345,2580,2541,2541,3256,3256,1
6,1,1320,0,0,2580,0,0,0,0,1
7,1,1330,1,0,2580,1,1,1,1,1
8,1,1340,3328,0,2580,3328,3328,3328,3328,1
9,1,1350,0,3328,2580,749,749,2580,2580,1
10,1,1360,1,1,2580,2581,2581,750,750,1
11,1,1370,3328,1,2580,2579,2579,748,748,1
12,1,1380,0,2,2580,1831,1831,1498,1498,1
13,1,1390,3328,3328,2580,748,748,2579,2579,1
14,1,1400,1,3328,2580,750,750,2581,2581,1
15,1,1410,1664,1664,2580,374,374,2954,2954,1
16,1,1420,1665,1665,2580,2955,2955,375,375,1
17,1,1430,2580,1,2580,1831,1831,0,0,1
18,1,1440,2581,1,2580,1832,1832,1,1,1
19,1,1450,2579,1,2580,1830,1830,3328,3328,1
20,1,1460,748,1,2580,3328,3328,1497,1497,1
21,1,1470,750,1,2580,1,1,1499,1499,1
22,1,1480,1,2,2580,1832,1832,1499,1499,1
23,1,1490,3328,2,2580,1830,1830,1497,1497,1
24,1,1500,1664,0,2580,1664,1664,1664,1664,1
25,1,1510,1665,3328,2580,2414,2414,916,916,1
26,2,1520,1489,1978,2580,1372,1372,1606,1606,1
27,2,1530,2925,3064,2580,1670,1670,851,851,1
28,2,1540,3283,2476,2580,3012,3012,225,225,1
29,2,1550,1961,1771,2580,424,424,169,169,1
30,2,1560,759,44,2580,1093,1093,425,425,1
31,2,1570,300,2940,2580,2038,2038,1891,1891,1
32,2,1580,908,1291,2580,2688,2688,2457,2457,1
33,2,1590,99,184,2580,2101,2101,1426,1426,1
34,2,1600,2872,733,2580,3140,3140,2604,2604,1
35,2,1610,1208,2326,2580,101,101,2315,2315,1
36,2,1620,54,929,2580,3323,3323,114,114,1
37,2,1630,2234,1305,2580,186,186,953,953,1
38,2,1640,1172,1404,2580,1540,1540,804,804,1
39,2,1650,50,1302,2580,249,249,3180,3180,1
40,2,1660,1481,2673,2580,133,133,2829,2829,1
41,2,1670,1395,3034,2580,2636,2636,154,154,1
42,2,1680,254,284,2580,594,594,3243,3243,1
43,2,1690,2030,1191,2580,2143,2143,1917,1917,1
44,2,1700,3180,1106,2580,378,378,2653,2653,1
45,2,1710,1974,2464,2580,704,704,3244,3244,1
46,2,1720,2295,525,2580,1892,1892,2698,2698,1
47,2,1730,1974,2015,2580,776,776,3172,3172,1
48,2,1740,435,1920,2580,483,483,387,387,1
49,2,1750,1758,1149,2580,39,39,148,148,1
50,2,1760,2216,2878,2580,457,457,646,646,1
51,2,1770,1596,2741,2580,2580,2580,612,612,1
52,2,1780,2802,1504,2580,1508,1508,767,767,1
53,2,1790,2188,1506,2580,2725,2725,1651,1651,1
54,2,1800,3201,902,2580,61,61,3012,3012,1
55,2,1810,3027,783,2580,2464,2464,261,261,1
56,2,1820,1555,2584,2580,288,288,2822,2822,1
57,2,1830,898,1053,2580,1174,1174,622,622,1
58,2,1840,880,2250,2580,104,104,1656,1656,1
59,2,1850,3236,1132,2580,934,934,2209,2209,1
60,2,1860,1055,512,2580,402,402,1708,1708,1
61,2,1870,2968,11,2580,1387,1387,1220,1220,1
62,2,1880,973,271,2580,1063,1063,883,883,1
63,2,1890,822,2558,2580,2384,2384,2589,2589,1
64,2,1900,2751,2542,2580,2981,2981,2521,2521,1
65,2,1910,3291,1582,2580,168,168,3085,3085,1
66,2,1920,1781,3009,2580,1773,1773,1789,1789,1
67,2,1930,1559,3314,2580,2807,2807,311,311,1
68,2,1940,1889,89,2580,1808,1808,1970,1970,1
69,2,1950,1875,1286,2580,742,742,3008,3008,1
70,2,1960,2598,1720,2580,2641,2641,2555,2555,1
71,2,1970,584,691,2580,2349,2349,2148,2148,1
72,2,1980,1324,955,2580,1764,1764,884,884,1
73,2,1990,1780,269,2580,39,39,192,192,1
74,2,2000,2413,2803,2580,236,236,1261,1261,1
75,2,2010,509,162,2580,2344,2344,2003,2003,1
76,2,2020,1607,2583,2580,1089,1089,2125,2125,1
77,2,2030,675,1773,2580,969,969,381,381,1
78,2,2040,160,1154,2580,1354,1354,2295,2295,1
79,2,2050,1392,69,2580,2975,2975,3138,3138,1
80,2,2060,3119,447,2580,1216,1216,1693,1693,1
81,2,2070,2448,1595,2580,2904,2904,1992,1992,1
82,2,2080,2701,1162,2580,1232,1232,841,841,1
83,2,2090,2198,1119,2580,2975,2975,1421,1421,1
84,2,2100,52,305,2580,1308,1308,2125,2125,1
85,2,2110,459,1804,2580,837,837,81,81,1
86,2,2120,3220,2782,2580,127,127,2984,2984,1
87,2,2130,2990,2564,2580,58,58,2593,2593,1
88,2,2140,2112,756,2580,1798,1798,2426,2426,1
89,2,2150,955,52,2580,1955,1955,3284,3284,1
90,2,2160,2456,1472,2580,1827,1827,3085,3085,1
91,2,2170,482,1511,2580,603,603,361,361,1
92,2,2180,998,1527,2580,2451,2451,2874,2874,1
93,2,2190,1653,1848,2580,2365,2365,941,941,1
94,2,2200,447,331,2580,2203,2203,2020,2020,1
95,2,2210,2581,2234,2580,473,473,1360,1360,1
96,2,2220,2525,195,2580,2946,2946,2104,2104,1
97,2,2230,428,3043,2580,1586,1586,2599,2599,1
98,2,2240,2861,2171,2580,1334,1334,1059,1059,1
99,2,2250,1189,3287,2580,2686,2686,3021,3021,1
100,2,2260,770,1122,2580,2629,2629,2240,2240,1
101,2,2270,2041,1449,2580,1994,1994,2088,2088,1
102,2,2280,1435,2175,2580,241,241,2629,2629,1
103,2,2290,2454,1202,2580,986,986,593,593,1
104,2,2300,200,918,2580,1721,1721,2008,2008,1
105,2,2310,545,2572,2580,1608,1608,2811,2811,1
106,2,2320,1240,258,2580,1080,1080,1400,1400,1
107,2,2330,3012,1190,2580,545,545,2150,2150,1
108,2,2340,2548,2618,2580,2447,2447,2649,2649,1
109,2,2350,678,2049,2580,646,646,710,710,1
110,2,2360,466,2839,2580,1286,1286,2975,2975,1
111,2,2370,2394,3047,2580,556,556,903,903,1
112,2,2380,2222,2651,2580,707,707,408,408,1
113,2,2390,230,674,2580,1412,1412,2377,2377,1
114,2,2400,513,538,2580,360,360,666,666,1
115,2,2410,1564,2459,2580,710,710,2418,2418,1
116,2,2420,570,737,2580,1171,1171,3298,3298,1
117,2,2430,3121,2700,2580,1524,1524,1389,1389,1
118,2,2440,1000,2334,2580,559,559,1441,1441,1
119,2,2450,244,2582,2580,475,475,13,13,1
120,2,2460,1662,2729,2580,1647,1647,1677,1677,1
121,2,2470,260,2075,2580,728,728,3121,3121,1
122,2,2480,905,2071,2580,1040,1040,770,770,1
123,2,2490,852,478,2580,2362,2362,2671,2671,1
124,2,2500,2400,2953,2580,1059,1059,412,412,1
125,2,2510,2384,2470,2580,3278,3278,1490,1490,1
