case_id,kind,time_ns,a,b,expected_add,actual_add,add_ok,expected_sub,actual_sub,sub_ok,expected_mul,actual_mul,mul_ok
1,0,10,0,0,0,0,1,0,0,1,0,0,1
2,0,20,123,456,579,579,1,2996,2996,1,2824,2824,1
3,0,30,987,2100,3087,3087,1,2216,2216,1,2062,2062,1
4,0,40,1664,1665,0,0,1,3328,3328,1,832,832,1
5,0,50,1665,1665,1,1,1,0,0,1,2497,2497,1
6,0,60,3328,3328,3327,3327,1,0,0,1,1,1,1
7,1,70,0,1,1,1,1,3328,3328,1,0,0,1
8,1,80,1,0,1,1,1,1,1,1,0,0,1
9,1,90,0,3328,3328,3328,1,1,1,1,0,0,1
10,1,100,3328,0,3328,3328,1,3328,3328,1,0,0,1
11,1,110,1,1,2,2,1,0,0,1,1,1,1
12,1,120,1,3328,0,0,1,2,2,1,3328,3328,1
13,1,130,3328,1,0,0,1,3327,3327,1,3328,3328,1
14,1,140,1,3327,3328,3328,1,3,3,1,3327,3327,1
15,1,150,2,3328,1,1,1,3,3,1,3327,3327,1
16,1,160,3328,2,1,1,1,3326,3326,1,3327,3327,1
17,1,170,1664,1664,3328,3328,1,0,0,1,2497,2497,1
18,1,180,1665,1664,0,0,1,1,1,1,832,832,1
19,1,190,1666,1664,1,1,1,2,2,1,2496,2496,1
20,1,200,1664,1666,1,1,1,3327,3327,1,2496,2496,1
21,1,210,3327,3328,3326,3326,1,3328,3328,1,2,2,1
22,1,220,3328,3327,3326,3326,1,1,1,1,2,2,1
23,1,230,3327,3327,3325,3325,1,0,0,1,4,4,1
24,1,240,2,2,4,4,1,0,0,1,4,4,1
25,1,250,2,1664,1666,1666,1,1667,1667,1,3328,3328,1
26,1,260,2,1665,1667,1667,1,1666,1666,1,1,1,1
27,2,270,2767,1960,1398,1398,1,807,807,1,379,379,1
28,2,280,289,2556,2845,2845,1,1062,1062,1,2975,2975,1
29,2,290,2137,2058,866,866,1,79,79,1,337,337,1
30,2,300,180,3203,54,54,1,306,306,1,623,623,1
31,2,310,775,849,1624,1624,1,3255,3255,1,2162,2162,1
32,2,320,687,2655,13,13,1,1361,1361,1,3022,3022,1
33,2,330,494,2570,3064,3064,1,1253,1253,1,1231,1231,1
34,2,340,2645,1761,1077,1077,1,884,884,1,574,574,1
35,2,350,1674,1025,2699,2699,1,649,649,1,1415,1415,1
36,2,360,508,1839,2347,2347,1,1998,1998,1,2092,2092,1
37,2,370,131,2743,2874,2874,1,717,717,1,3130,3130,1
38,2,380,1327,2727,725,725,1,1929,1929,1,106,106,1
39,2,390,1049,1816,2865,2865,1,2562,2562,1,796,796,1
40,2,400,2577,87,2664,2664,1,2490,2490,1,1156,1156,1
41,2,410,1223,361,1584,1584,1,862,862,1,2075,2075,1
42,2,420,230,2245,2475,2475,1,1314,1314,1,355,355,1
43,2,430,1541,358,1899,1899,1,1183,1183,1,2393,2393,1
44,2,440,276,2902,3178,3178,1,703,703,1,1992,1992,1
45,2,450,1304,2409,384,384,1,2224,2224,1,2089,2089,1
46,2,460,2579,945,195,195,1,1634,1634,1,327,327,1
47,2,470,3284,791,746,746,1,2493,2493,1,1024,1024,1
48,2,480,411,2767,3178,3178,1,973,973,1,2048,2048,1
49,2,490,1346,1502,2848,2848,1,3173,3173,1,989,989,1
50,2,500,1075,885,1960,1960,1,190,190,1,2610,2610,1
51,2,510,1915,756,2671,2671,1,1159,1159,1,2954,2954,1
52,2,520,1338,2400,409,409,1,2267,2267,1,2044,2044,1
53,2,530,2715,843,229,229,1,1872,1872,1,1722,1722,1
54,2,540,2408,61,2469,2469,1,2347,2347,1,412,412,1
55,2,550,1586,2544,801,801,1,2371,2371,1,36,36,1
56,2,560,1709,3043,1423,1423,1,1995,1995,1,589,589,1
57,2,570,2969,3,2972,2972,1,2966,2966,1,2249,2249,1
58,2,580,3126,2312,2109,2109,1,814,814,1,53,53,1
59,2,590,1133,326,1459,1459,1,807,807,1,3168,3168,1
60,2,600,2621,2837,2129,2129,1,3113,3113,1,2120,2120,1
61,2,610,1648,1700,19,19,1,3277,3277,1,1911,1911,1
62,2,620,2063,734,2797,2797,1,1329,1329,1,2876,2876,1
63,2,630,859,1492,2351,2351,1,2696,2696,1,3292,3292,1
64,2,640,175,912,1087,1087,1,2592,2592,1,3137,3137,1
65,2,650,809,3093,573,573,1,1045,1045,1,2158,2158,1
66,2,660,1455,1251,2706,2706,1,204,204,1,2571,2571,1
67,2,670,1452,1001,2453,2453,1,451,451,1,2008,2008,1
68,2,680,540,2952,163,163,1,917,917,1,2818,2818,1
69,2,690,882,1222,2104,2104,1,2989,2989,1,2537,2537,1
70,2,700,2993,937,601,601,1,2056,2056,1,1423,1423,1
71,2,710,1734,243,1977,1977,1,1491,1491,1,1908,1908,1
72,2,720,3138,353,162,162,1,2785,2785,1,2486,2486,1
73,2,730,2508,2344,1523,1523,1,164,164,1,3067,3067,1
74,2,740,1998,819,2817,2817,1,1179,1179,1,1823,1823,1
75,2,750,754,2022,2776,2776,1,2061,2061,1,3235,3235,1
76,2,760,3299,2163,2133,2133,1,1136,1136,1,1690,1690,1
77,2,770,168,3061,3229,3229,1,436,436,1,1582,1582,1
78,2,780,1644,891,2535,2535,1,753,753,1,44,44,1
79,2,790,751,291,1042,1042,1,460,460,1,2156,2156,1
80,2,800,1972,365,2337,2337,1,1607,1607,1,716,716,1
81,2,810,2972,407,50,50,1,2565,2565,1,1177,1177,1
82,2,820,1495,3055,1221,1221,1,1769,1769,1,3166,3166,1
83,2,830,2344,2259,1274,1274,1,85,85,1,1986,1986,1
84,2,840,1200,1283,2483,2483,1,3246,3246,1,1602,1602,1
85,2,850,3202,2811,2684,2684,1,391,391,1,2535,2535,1
86,2,860,918,675,1593,1593,1,243,243,1,456,456,1
87,2,870,1150,31,1181,1181,1,1119,1119,1,2360,2360,1
88,2,880,3312,1561,1544,1544,1,1751,1751,1,95,95,1
89,2,890,634,1459,2093,2093,1,2504,2504,1,2873,2873,1
90,2,900,2517,592,3109,3109,1,1925,1925,1,2001,2001,1
91,2,910,2338,2208,1217,1217,1,130,130,1,2354,2354,1
92,2,920,1381,1416,2797,2797,1,3294,3294,1,1373,1373,1
93,2,930,3136,897,704,704,1,2239,2239,1,3316,3316,1
94,2,940,3174,1896,1741,1741,1,1278,1278,1,2401,2401,1
95,2,950,3116,147,3263,3263,1,2969,2969,1,1979,1979,1
96,2,960,91,1363,1454,1454,1,2057,2057,1,860,860,1
97,2,970,2551,1459,681,681,1,1092,1092,1,87,87,1
98,2,980,970,1390,2360,2360,1,2909,2909,1,55,55,1
99,2,990,1964,1996,631,631,1,3297,3297,1,1911,1911,1
100,2,1000,809,2179,2988,2988,1,1959,1959,1,1770,1770,1
101,2,1010,480,517,997,997,1,3292,3292,1,1814,1814,1
102,2,1020,3242,3018,2931,2931,1,224,224,1,425,425,1
103,2,1030,1829,2934,1434,1434,1,2224,2224,1,3267,3267,1
104,2,1040,168,176,344,344,1,3321,3321,1,2936,2936,1
105,2,1050,780,2077,2857,2857,1,2032,2032,1,2166,2166,1
106,2,1060,436,2045,2481,2481,1,1720,1720,1,2777,2777,1
107,2,1070,2932,943,546,546,1,1989,1989,1,1806,1806,1
108,2,1080,796,202,998,998,1,594,594,1,1000,1000,1
109,2,1090,429,2119,2548,2548,1,1639,1639,1,234,234,1
110,2,1100,2754,2891,2316,2316,1,3192,3192,1,2175,2175,1
111,2,1110,1248,1131,2379,2379,1,117,117,1,3321,3321,1
112,2,1120,829,426,1255,1255,1,403,403,1,280,280,1
113,2,1130,1545,2051,267,267,1,2823,2823,1,2916,2916,1
114,2,1140,122,1758,1880,1880,1,1693,1693,1,1420,1420,1
115,2,1150,1720,1300,3020,3020,1,420,420,1,2241,2241,1
116,2,1160,1511,1863,45,45,1,2977,2977,1,1988,1988,1
117,2,1170,2862,1560,1093,1093,1,1302,1302,1,531,531,1
118,2,1180,120,3254,45,45,1,195,195,1,987,987,1
119,2,1190,88,2212,2300,2300,1,1205,1205,1,1574,1574,1
120,2,1200,2903,34,2937,2937,1,2869,2869,1,2161,2161,1
121,2,1210,2020,3204,1895,1895,1,2145,2145,1,504,504,1
122,2,1220,275,2114,2389,2389,1,1490,1490,1,2104,2104,1
123,2,1230,808,1284,2092,2092,1,2853,2853,1,2153,2153,1
124,2,1240,2048,2662,1381,1381,1,2715,2715,1,2203,2203,1
125,2,1250,745,538,1283,1283,1,207,207,1,1330,1330,1
126,2,1260,134,1151,1285,1285,1,2312,2312,1,1100,1100,1
