case_id,kind,u,v,zeta,expected_uo,expected_vo,reason
1,provided,0,1,2580,2580,749,과제에서 제공된 golden vector
2,provided,749,1,2580,0,1498,과제에서 제공된 golden vector
3,provided,123,456,2580,1466,2109,과제에서 제공된 golden vector
4,provided,2345,1234,2580,212,1149,과제에서 제공된 golden vector
5,provided,1234,2345,2580,2541,3256,과제에서 제공된 golden vector
6,corner,0,0,2580,0,0,두 입력 모두 0: 두 출력 모두 0
7,corner,1,0,2580,1,1,"v=0: 곱셈 결과 0, 두 출력 모두 u"
8,corner,3328,0,2580,3328,3328,v=0과 u 최댓값: 두 출력의 최대 경계
9,corner,0,3328,2580,749,2580,u=0과 v 최댓값: 모듈러 곱과 음수 차이
10,corner,1,1,2580,2581,750,작은 양수 입력과 음수 차이 보정
11,corner,3328,1,2580,2579,748,u 최댓값에서 덧셈 reduction
12,corner,0,2,2580,1831,1498,u=0과 reduction이 필요한 zeta*v
13,corner,3328,3328,2580,748,2579,"u,v 모두 최댓값: 곱셈과 덧셈 reduction"
14,corner,1,3328,2580,750,2581,최소 양수 u와 최대 v의 조합
15,corner,1664,1664,2580,374,2954,동일한 중간 입력에서 butterfly 계산
16,corner,1665,1665,2580,2955,375,중간 입력을 1 증가시킨 인접 조합
17,corner,2580,1,2580,1831,0,u=zeta*v: 뺄셈 출력 0 경계
18,corner,2581,1,2580,1832,1,u=zeta*v+1: 뺄셈 출력 +1 경계
19,corner,2579,1,2580,1830,3328,u=zeta*v-1: 음수 차이를 q-1로 보정
20,corner,748,1,2580,3328,1497,u+zeta*v=q-1: 덧셈 감산 직전
21,corner,750,1,2580,1,1499,u+zeta*v=q+1: 덧셈 감산 직후
22,corner,1,2,2580,1832,1499,작은 u와 reduction된 곱의 음수 차이
23,corner,3328,2,2580,1830,1497,최대 u와 reduction된 곱의 합
24,corner,1664,0,2580,1664,1664,중간 u와 v=0: 두 출력의 항등 동작
25,corner,1665,3328,2580,2414,916,중간 u와 최대 v의 조합
26,random,1489,1978,2580,1372,1606,고정 seed=3544 난수: 일반 입력 조합 검사
27,random,2925,3064,2580,1670,851,고정 seed=3544 난수: 일반 입력 조합 검사
28,random,3283,2476,2580,3012,225,고정 seed=3544 난수: 일반 입력 조합 검사
29,random,1961,1771,2580,424,169,고정 seed=3544 난수: 일반 입력 조합 검사
30,random,759,44,2580,1093,425,고정 seed=3544 난수: 일반 입력 조합 검사
31,random,300,2940,2580,2038,1891,고정 seed=3544 난수: 일반 입력 조합 검사
32,random,908,1291,2580,2688,2457,고정 seed=3544 난수: 일반 입력 조합 검사
33,random,99,184,2580,2101,1426,고정 seed=3544 난수: 일반 입력 조합 검사
34,random,2872,733,2580,3140,2604,고정 seed=3544 난수: 일반 입력 조합 검사
35,random,1208,2326,2580,101,2315,고정 seed=3544 난수: 일반 입력 조합 검사
36,random,54,929,2580,3323,114,고정 seed=3544 난수: 일반 입력 조합 검사
37,random,2234,1305,2580,186,953,고정 seed=3544 난수: 일반 입력 조합 검사
38,random,1172,1404,2580,1540,804,고정 seed=3544 난수: 일반 입력 조합 검사
39,random,50,1302,2580,249,3180,고정 seed=3544 난수: 일반 입력 조합 검사
40,random,1481,2673,2580,133,2829,고정 seed=3544 난수: 일반 입력 조합 검사
41,random,1395,3034,2580,2636,154,고정 seed=3544 난수: 일반 입력 조합 검사
42,random,254,284,2580,594,3243,고정 seed=3544 난수: 일반 입력 조합 검사
43,random,2030,1191,2580,2143,1917,고정 seed=3544 난수: 일반 입력 조합 검사
44,random,3180,1106,2580,378,2653,고정 seed=3544 난수: 일반 입력 조합 검사
45,random,1974,2464,2580,704,3244,고정 seed=3544 난수: 일반 입력 조합 검사
46,random,2295,525,2580,1892,2698,고정 seed=3544 난수: 일반 입력 조합 검사
47,random,1974,2015,2580,776,3172,고정 seed=3544 난수: 일반 입력 조합 검사
48,random,435,1920,2580,483,387,고정 seed=3544 난수: 일반 입력 조합 검사
49,random,1758,1149,2580,39,148,고정 seed=3544 난수: 일반 입력 조합 검사
50,random,2216,2878,2580,457,646,고정 seed=3544 난수: 일반 입력 조합 검사
51,random,1596,2741,2580,2580,612,고정 seed=3544 난수: 일반 입력 조합 검사
52,random,2802,1504,2580,1508,767,고정 seed=3544 난수: 일반 입력 조합 검사
53,random,2188,1506,2580,2725,1651,고정 seed=3544 난수: 일반 입력 조합 검사
54,random,3201,902,2580,61,3012,고정 seed=3544 난수: 일반 입력 조합 검사
55,random,3027,783,2580,2464,261,고정 seed=3544 난수: 일반 입력 조합 검사
56,random,1555,2584,2580,288,2822,고정 seed=3544 난수: 일반 입력 조합 검사
57,random,898,1053,2580,1174,622,고정 seed=3544 난수: 일반 입력 조합 검사
58,random,880,2250,2580,104,1656,고정 seed=3544 난수: 일반 입력 조합 검사
59,random,3236,1132,2580,934,2209,고정 seed=3544 난수: 일반 입력 조합 검사
60,random,1055,512,2580,402,1708,고정 seed=3544 난수: 일반 입력 조합 검사
61,random,2968,11,2580,1387,1220,고정 seed=3544 난수: 일반 입력 조합 검사
62,random,973,271,2580,1063,883,고정 seed=3544 난수: 일반 입력 조합 검사
63,random,822,2558,2580,2384,2589,고정 seed=3544 난수: 일반 입력 조합 검사
64,random,2751,2542,2580,2981,2521,고정 seed=3544 난수: 일반 입력 조합 검사
65,random,3291,1582,2580,168,3085,고정 seed=3544 난수: 일반 입력 조합 검사
66,random,1781,3009,2580,1773,1789,고정 seed=3544 난수: 일반 입력 조합 검사
67,random,1559,3314,2580,2807,311,고정 seed=3544 난수: 일반 입력 조합 검사
68,random,1889,89,2580,1808,1970,고정 seed=3544 난수: 일반 입력 조합 검사
69,random,1875,1286,2580,742,3008,고정 seed=3544 난수: 일반 입력 조합 검사
70,random,2598,1720,2580,2641,2555,고정 seed=3544 난수: 일반 입력 조합 검사
71,random,584,691,2580,2349,2148,고정 seed=3544 난수: 일반 입력 조합 검사
72,random,1324,955,2580,1764,884,고정 seed=3544 난수: 일반 입력 조합 검사
73,random,1780,269,2580,39,192,고정 seed=3544 난수: 일반 입력 조합 검사
74,random,2413,2803,2580,236,1261,고정 seed=3544 난수: 일반 입력 조합 검사
75,random,509,162,2580,2344,2003,고정 seed=3544 난수: 일반 입력 조합 검사
76,random,1607,2583,2580,1089,2125,고정 seed=3544 난수: 일반 입력 조합 검사
77,random,675,1773,2580,969,381,고정 seed=3544 난수: 일반 입력 조합 검사
78,random,160,1154,2580,1354,2295,고정 seed=3544 난수: 일반 입력 조합 검사
79,random,1392,69,2580,2975,3138,고정 seed=3544 난수: 일반 입력 조합 검사
80,random,3119,447,2580,1216,1693,고정 seed=3544 난수: 일반 입력 조합 검사
81,random,2448,1595,2580,2904,1992,고정 seed=3544 난수: 일반 입력 조합 검사
82,random,2701,1162,2580,1232,841,고정 seed=3544 난수: 일반 입력 조합 검사
83,random,2198,1119,2580,2975,1421,고정 seed=3544 난수: 일반 입력 조합 검사
84,random,52,305,2580,1308,2125,고정 seed=3544 난수: 일반 입력 조합 검사
85,random,459,1804,2580,837,81,고정 seed=3544 난수: 일반 입력 조합 검사
86,random,3220,2782,2580,127,2984,고정 seed=3544 난수: 일반 입력 조합 검사
87,random,2990,2564,2580,58,2593,고정 seed=3544 난수: 일반 입력 조합 검사
88,random,2112,756,2580,1798,2426,고정 seed=3544 난수: 일반 입력 조합 검사
89,random,955,52,2580,1955,3284,고정 seed=3544 난수: 일반 입력 조합 검사
90,random,2456,1472,2580,1827,3085,고정 seed=3544 난수: 일반 입력 조합 검사
91,random,482,1511,2580,603,361,고정 seed=3544 난수: 일반 입력 조합 검사
92,random,998,1527,2580,2451,2874,고정 seed=3544 난수: 일반 입력 조합 검사
93,random,1653,1848,2580,2365,941,고정 seed=3544 난수: 일반 입력 조합 검사
94,random,447,331,2580,2203,2020,고정 seed=3544 난수: 일반 입력 조합 검사
95,random,2581,2234,2580,473,1360,고정 seed=3544 난수: 일반 입력 조합 검사
96,random,2525,195,2580,2946,2104,고정 seed=3544 난수: 일반 입력 조합 검사
97,random,428,3043,2580,1586,2599,고정 seed=3544 난수: 일반 입력 조합 검사
98,random,2861,2171,2580,1334,1059,고정 seed=3544 난수: 일반 입력 조합 검사
99,random,1189,3287,2580,2686,3021,고정 seed=3544 난수: 일반 입력 조합 검사
100,random,770,1122,2580,2629,2240,고정 seed=3544 난수: 일반 입력 조합 검사
101,random,2041,1449,2580,1994,2088,고정 seed=3544 난수: 일반 입력 조합 검사
102,random,1435,2175,2580,241,2629,고정 seed=3544 난수: 일반 입력 조합 검사
103,random,2454,1202,2580,986,593,고정 seed=3544 난수: 일반 입력 조합 검사
104,random,200,918,2580,1721,2008,고정 seed=3544 난수: 일반 입력 조합 검사
105,random,545,2572,2580,1608,2811,고정 seed=3544 난수: 일반 입력 조합 검사
106,random,1240,258,2580,1080,1400,고정 seed=3544 난수: 일반 입력 조합 검사
107,random,3012,1190,2580,545,2150,고정 seed=3544 난수: 일반 입력 조합 검사
108,random,2548,2618,2580,2447,2649,고정 seed=3544 난수: 일반 입력 조합 검사
109,random,678,2049,2580,646,710,고정 seed=3544 난수: 일반 입력 조합 검사
110,random,466,2839,2580,1286,2975,고정 seed=3544 난수: 일반 입력 조합 검사
111,random,2394,3047,2580,556,903,고정 seed=3544 난수: 일반 입력 조합 검사
112,random,2222,2651,2580,707,408,고정 seed=3544 난수: 일반 입력 조합 검사
113,random,230,674,2580,1412,2377,고정 seed=3544 난수: 일반 입력 조합 검사
114,random,513,538,2580,360,666,고정 seed=3544 난수: 일반 입력 조합 검사
115,random,1564,2459,2580,710,2418,고정 seed=3544 난수: 일반 입력 조합 검사
116,random,570,737,2580,1171,3298,고정 seed=3544 난수: 일반 입력 조합 검사
117,random,3121,2700,2580,1524,1389,고정 seed=3544 난수: 일반 입력 조합 검사
118,random,1000,2334,2580,559,1441,고정 seed=3544 난수: 일반 입력 조합 검사
119,random,244,2582,2580,475,13,고정 seed=3544 난수: 일반 입력 조합 검사
120,random,1662,2729,2580,1647,1677,고정 seed=3544 난수: 일반 입력 조합 검사
121,random,260,2075,2580,728,3121,고정 seed=3544 난수: 일반 입력 조합 검사
122,random,905,2071,2580,1040,770,고정 seed=3544 난수: 일반 입력 조합 검사
123,random,852,478,2580,2362,2671,고정 seed=3544 난수: 일반 입력 조합 검사
124,random,2400,2953,2580,1059,412,고정 seed=3544 난수: 일반 입력 조합 검사
125,random,2384,2470,2580,3278,1490,고정 seed=3544 난수: 일반 입력 조합 검사
