case_id,kind,a,b,expected_add,expected_sub,expected_mul,reason
1,provided,0,0,0,0,0,과제에서 제공된 golden vector
2,provided,123,456,579,2996,2824,과제에서 제공된 golden vector
3,provided,987,2100,3087,2216,2062,과제에서 제공된 golden vector
4,provided,1664,1665,0,3328,832,과제에서 제공된 golden vector
5,provided,1665,1665,1,0,2497,과제에서 제공된 golden vector
6,provided,3328,3328,3327,0,1,과제에서 제공된 golden vector
7,corner,0,1,1,3328,0,"a=0 경계: 덧셈 항등원, 음수 차이, 0 곱"
8,corner,1,0,1,1,0,"b=0 경계: 덧셈·뺄셈 항등원, 0 곱"
9,corner,0,3328,3328,1,0,최소·최대 입력: 최대 크기의 음수 차이
10,corner,3328,0,3328,3328,0,최대·최소 입력: 최대 크기의 양수 차이
11,corner,1,1,2,0,1,"동일한 최소 양수: 차이 0, 작은 합과 곱"
12,corner,1,3328,0,2,3328,합=q 경계: 결과 0 및 1과 q-1의 곱
13,corner,3328,1,0,3327,3328,합=q 경계와 뺄셈의 입력 순서 변경
14,corner,1,3327,3328,3,3327,합=q-1: 덧셈 감산 직전 경계
15,corner,2,3328,1,3,3327,합=q+1: 덧셈 감산 직후 경계
16,corner,3328,2,1,3326,3327,합=q+1 경계와 뺄셈의 입력 순서 변경
17,corner,1664,1664,3328,0,2497,"동일한 중간 입력: 합=q-1, 차이 0"
18,corner,1665,1664,0,1,832,중간 입력의 합=q 및 차이 +1
19,corner,1666,1664,1,2,2496,중간 입력의 합=q+1 및 차이 +2
20,corner,1664,1666,1,3327,2496,중간 입력의 합=q+1 및 차이 -2
21,corner,3327,3328,3326,3328,2,최댓값 부근의 큰 합·곱 및 차이 -1
22,corner,3328,3327,3326,1,2,최댓값 부근의 큰 합·곱 및 차이 +1
23,corner,3327,3327,3325,0,4,"동일한 큰 입력: 차이 0, 큰 곱의 reduction"
24,corner,2,2,4,0,4,작은 곱에서 reduction이 필요 없는 경우
25,corner,2,1664,1666,1667,3328,곱=q-1: 곱셈 reduction 경계 아래
26,corner,2,1665,1667,1666,1,곱=q+1: 곱셈 reduction 경계 위
27,random,2767,1960,1398,807,379,고정 seed=3544 난수: 일반 입력 조합 검사
28,random,289,2556,2845,1062,2975,고정 seed=3544 난수: 일반 입력 조합 검사
29,random,2137,2058,866,79,337,고정 seed=3544 난수: 일반 입력 조합 검사
30,random,180,3203,54,306,623,고정 seed=3544 난수: 일반 입력 조합 검사
31,random,775,849,1624,3255,2162,고정 seed=3544 난수: 일반 입력 조합 검사
32,random,687,2655,13,1361,3022,고정 seed=3544 난수: 일반 입력 조합 검사
33,random,494,2570,3064,1253,1231,고정 seed=3544 난수: 일반 입력 조합 검사
34,random,2645,1761,1077,884,574,고정 seed=3544 난수: 일반 입력 조합 검사
35,random,1674,1025,2699,649,1415,고정 seed=3544 난수: 일반 입력 조합 검사
36,random,508,1839,2347,1998,2092,고정 seed=3544 난수: 일반 입력 조합 검사
37,random,131,2743,2874,717,3130,고정 seed=3544 난수: 일반 입력 조합 검사
38,random,1327,2727,725,1929,106,고정 seed=3544 난수: 일반 입력 조합 검사
39,random,1049,1816,2865,2562,796,고정 seed=3544 난수: 일반 입력 조합 검사
40,random,2577,87,2664,2490,1156,고정 seed=3544 난수: 일반 입력 조합 검사
41,random,1223,361,1584,862,2075,고정 seed=3544 난수: 일반 입력 조합 검사
42,random,230,2245,2475,1314,355,고정 seed=3544 난수: 일반 입력 조합 검사
43,random,1541,358,1899,1183,2393,고정 seed=3544 난수: 일반 입력 조합 검사
44,random,276,2902,3178,703,1992,고정 seed=3544 난수: 일반 입력 조합 검사
45,random,1304,2409,384,2224,2089,고정 seed=3544 난수: 일반 입력 조합 검사
46,random,2579,945,195,1634,327,고정 seed=3544 난수: 일반 입력 조합 검사
47,random,3284,791,746,2493,1024,고정 seed=3544 난수: 일반 입력 조합 검사
48,random,411,2767,3178,973,2048,고정 seed=3544 난수: 일반 입력 조합 검사
49,random,1346,1502,2848,3173,989,고정 seed=3544 난수: 일반 입력 조합 검사
50,random,1075,885,1960,190,2610,고정 seed=3544 난수: 일반 입력 조합 검사
51,random,1915,756,2671,1159,2954,고정 seed=3544 난수: 일반 입력 조합 검사
52,random,1338,2400,409,2267,2044,고정 seed=3544 난수: 일반 입력 조합 검사
53,random,2715,843,229,1872,1722,고정 seed=3544 난수: 일반 입력 조합 검사
54,random,2408,61,2469,2347,412,고정 seed=3544 난수: 일반 입력 조합 검사
55,random,1586,2544,801,2371,36,고정 seed=3544 난수: 일반 입력 조합 검사
56,random,1709,3043,1423,1995,589,고정 seed=3544 난수: 일반 입력 조합 검사
57,random,2969,3,2972,2966,2249,고정 seed=3544 난수: 일반 입력 조합 검사
58,random,3126,2312,2109,814,53,고정 seed=3544 난수: 일반 입력 조합 검사
59,random,1133,326,1459,807,3168,고정 seed=3544 난수: 일반 입력 조합 검사
60,random,2621,2837,2129,3113,2120,고정 seed=3544 난수: 일반 입력 조합 검사
61,random,1648,1700,19,3277,1911,고정 seed=3544 난수: 일반 입력 조합 검사
62,random,2063,734,2797,1329,2876,고정 seed=3544 난수: 일반 입력 조합 검사
63,random,859,1492,2351,2696,3292,고정 seed=3544 난수: 일반 입력 조합 검사
64,random,175,912,1087,2592,3137,고정 seed=3544 난수: 일반 입력 조합 검사
65,random,809,3093,573,1045,2158,고정 seed=3544 난수: 일반 입력 조합 검사
66,random,1455,1251,2706,204,2571,고정 seed=3544 난수: 일반 입력 조합 검사
67,random,1452,1001,2453,451,2008,고정 seed=3544 난수: 일반 입력 조합 검사
68,random,540,2952,163,917,2818,고정 seed=3544 난수: 일반 입력 조합 검사
69,random,882,1222,2104,2989,2537,고정 seed=3544 난수: 일반 입력 조합 검사
70,random,2993,937,601,2056,1423,고정 seed=3544 난수: 일반 입력 조합 검사
71,random,1734,243,1977,1491,1908,고정 seed=3544 난수: 일반 입력 조합 검사
72,random,3138,353,162,2785,2486,고정 seed=3544 난수: 일반 입력 조합 검사
73,random,2508,2344,1523,164,3067,고정 seed=3544 난수: 일반 입력 조합 검사
74,random,1998,819,2817,1179,1823,고정 seed=3544 난수: 일반 입력 조합 검사
75,random,754,2022,2776,2061,3235,고정 seed=3544 난수: 일반 입력 조합 검사
76,random,3299,2163,2133,1136,1690,고정 seed=3544 난수: 일반 입력 조합 검사
77,random,168,3061,3229,436,1582,고정 seed=3544 난수: 일반 입력 조합 검사
78,random,1644,891,2535,753,44,고정 seed=3544 난수: 일반 입력 조합 검사
79,random,751,291,1042,460,2156,고정 seed=3544 난수: 일반 입력 조합 검사
80,random,1972,365,2337,1607,716,고정 seed=3544 난수: 일반 입력 조합 검사
81,random,2972,407,50,2565,1177,고정 seed=3544 난수: 일반 입력 조합 검사
82,random,1495,3055,1221,1769,3166,고정 seed=3544 난수: 일반 입력 조합 검사
83,random,2344,2259,1274,85,1986,고정 seed=3544 난수: 일반 입력 조합 검사
84,random,1200,1283,2483,3246,1602,고정 seed=3544 난수: 일반 입력 조합 검사
85,random,3202,2811,2684,391,2535,고정 seed=3544 난수: 일반 입력 조합 검사
86,random,918,675,1593,243,456,고정 seed=3544 난수: 일반 입력 조합 검사
87,random,1150,31,1181,1119,2360,고정 seed=3544 난수: 일반 입력 조합 검사
88,random,3312,1561,1544,1751,95,고정 seed=3544 난수: 일반 입력 조합 검사
89,random,634,1459,2093,2504,2873,고정 seed=3544 난수: 일반 입력 조합 검사
90,random,2517,592,3109,1925,2001,고정 seed=3544 난수: 일반 입력 조합 검사
91,random,2338,2208,1217,130,2354,고정 seed=3544 난수: 일반 입력 조합 검사
92,random,1381,1416,2797,3294,1373,고정 seed=3544 난수: 일반 입력 조합 검사
93,random,3136,897,704,2239,3316,고정 seed=3544 난수: 일반 입력 조합 검사
94,random,3174,1896,1741,1278,2401,고정 seed=3544 난수: 일반 입력 조합 검사
95,random,3116,147,3263,2969,1979,고정 seed=3544 난수: 일반 입력 조합 검사
96,random,91,1363,1454,2057,860,고정 seed=3544 난수: 일반 입력 조합 검사
97,random,2551,1459,681,1092,87,고정 seed=3544 난수: 일반 입력 조합 검사
98,random,970,1390,2360,2909,55,고정 seed=3544 난수: 일반 입력 조합 검사
99,random,1964,1996,631,3297,1911,고정 seed=3544 난수: 일반 입력 조합 검사
100,random,809,2179,2988,1959,1770,고정 seed=3544 난수: 일반 입력 조합 검사
101,random,480,517,997,3292,1814,고정 seed=3544 난수: 일반 입력 조합 검사
102,random,3242,3018,2931,224,425,고정 seed=3544 난수: 일반 입력 조합 검사
103,random,1829,2934,1434,2224,3267,고정 seed=3544 난수: 일반 입력 조합 검사
104,random,168,176,344,3321,2936,고정 seed=3544 난수: 일반 입력 조합 검사
105,random,780,2077,2857,2032,2166,고정 seed=3544 난수: 일반 입력 조합 검사
106,random,436,2045,2481,1720,2777,고정 seed=3544 난수: 일반 입력 조합 검사
107,random,2932,943,546,1989,1806,고정 seed=3544 난수: 일반 입력 조합 검사
108,random,796,202,998,594,1000,고정 seed=3544 난수: 일반 입력 조합 검사
109,random,429,2119,2548,1639,234,고정 seed=3544 난수: 일반 입력 조합 검사
110,random,2754,2891,2316,3192,2175,고정 seed=3544 난수: 일반 입력 조합 검사
111,random,1248,1131,2379,117,3321,고정 seed=3544 난수: 일반 입력 조합 검사
112,random,829,426,1255,403,280,고정 seed=3544 난수: 일반 입력 조합 검사
113,random,1545,2051,267,2823,2916,고정 seed=3544 난수: 일반 입력 조합 검사
114,random,122,1758,1880,1693,1420,고정 seed=3544 난수: 일반 입력 조합 검사
115,random,1720,1300,3020,420,2241,고정 seed=3544 난수: 일반 입력 조합 검사
116,random,1511,1863,45,2977,1988,고정 seed=3544 난수: 일반 입력 조합 검사
117,random,2862,1560,1093,1302,531,고정 seed=3544 난수: 일반 입력 조합 검사
118,random,120,3254,45,195,987,고정 seed=3544 난수: 일반 입력 조합 검사
119,random,88,2212,2300,1205,1574,고정 seed=3544 난수: 일반 입력 조합 검사
120,random,2903,34,2937,2869,2161,고정 seed=3544 난수: 일반 입력 조합 검사
121,random,2020,3204,1895,2145,504,고정 seed=3544 난수: 일반 입력 조합 검사
122,random,275,2114,2389,1490,2104,고정 seed=3544 난수: 일반 입력 조합 검사
123,random,808,1284,2092,2853,2153,고정 seed=3544 난수: 일반 입력 조합 검사
124,random,2048,2662,1381,2715,2203,고정 seed=3544 난수: 일반 입력 조합 검사
125,random,745,538,1283,207,1330,고정 seed=3544 난수: 일반 입력 조합 검사
126,random,134,1151,1285,2312,1100,고정 seed=3544 난수: 일반 입력 조합 검사
